order_id,order_date,sku,color,size,unitPrice,quantity,REVENUE,temp_value
1,2022/6/1 16:05:00,708,Dark Blue,2XL,298,1,298,144713.6701388889708Dark Blue2XL2981298
1,2022/6/1 16:05:00,89,Dark Blue,2XL,258,1,258,144713.670138888989Dark Blue2XL2581258
2,2022/6/10 17:03:00,bobo,Cream,One Size,228,1,228,244722.7104166667boboCreamOne Size2281228
3,2022/6/10 19:59:00,799,Dark Blue,XL,264,1,264,344722.8326388889799Dark BlueXL2641264
4,2022/6/11 11:42:00,799,Dark Blue,M,264,1,264,444723.4875799Dark BlueM2641264
5,2022/6/11 14:46:00,799,Dark Blue,XL,264,1,264,544723.6152777778799Dark BlueXL2641264
6,2022/6/11 19:23:00,799,Dark Blue,XL,264,1,264,644723.8076388889799Dark BlueXL2641264
7,2022/6/11 19:54:00,708,Dark Blue,3XL,278,1,278,744723.8291666667708Dark Blue3XL2781278
8,2022/6/11 21:09:00,708,Dark Blue,XL,278,1,278,844723.88125708Dark BlueXL2781278
9,2022/6/11 22:53:00,239,Black,a. ,258,1,258,944723.9534722222239Blacka. 2581258
10,2022/6/12 17:32:00,708,Dark Blue,XL,278,1,278,1044724.7305555556708Dark BlueXL2781278
11,2022/6/12 21:16:00,708,Dark Blue,3XL,278,1,278,1144724.8861111111708Dark Blue3XL2781278
12,2022/6/12 8:47:00,708,Dark Blue,3XL,278,1,278,1244724.3659722222708Dark Blue3XL2781278
13,2022/6/13 10:11:00,799,Dark Blue,XL,264,1,264,1344725.4243055556799Dark BlueXL2641264
14,2022/6/14 0:07:00,799,Dark Blue,M,264,1,264,1444726.0048611111799Dark BlueM2641264
15,2022/6/14 14:38:00,bobo,Navy Blue,One Size,228,1,228,1544726.6097222222boboNavy BlueOne Size2281228
15,2022/6/14 14:38:00,bobo,Blue,One Size,228,1,228,1544726.6097222222boboBlueOne Size2281228
15,2022/6/14 14:38:00,bobo,Light Gray,One Size,228,1,228,1544726.6097222222boboLight GrayOne Size2281228
16,2022/6/14 22:31:00,708,Dark Blue,XL,278,1,278,1644726.9381944444708Dark BlueXL2781278
17,2022/6/15 10:46:00,708,Dark Blue,2XL,278,1,278,1744727.4486111111708Dark Blue2XL2781278
18,2022/6/15 13:36:00,77,B,,258,1,258,1844727.566666666777B2581258
18,2022/6/15 13:36:00,77,C,,258,1,258,1844727.566666666777C2581258
18,2022/6/15 13:36:00,77,D,,258,1,258,1844727.566666666777D2581258
18,2022/6/15 13:36:00,77,E,,258,1,258,1844727.566666666777E2581258
18,2022/6/15 13:36:00,77,A,,288,1,288,1844727.566666666777A2881288
19,2022/6/15 20:42:00,799,Dark Blue,XL,264,1,264,1944727.8625799Dark BlueXL2641264
20,2022/6/15 21:22:00,799,Dark Blue,XL,264,1,264,2044727.8902777778799Dark BlueXL2641264
21,2022/6/15 5:50:00,799,Dark Blue,XL,264,1,264,2144727.2430555556799Dark BlueXL2641264
22,2022/6/15 7:30:00,799,Dark Blue,XL,264,1,264,2244727.3125799Dark BlueXL2641264
23,2022/6/16 20:12:00,799,Dark Blue,L,264,1,264,2344728.8416666667799Dark BlueL2641264
24,2022/6/16 7:47:00,708,Dark Blue,3XL,278,1,278,2444728.3243055556708Dark Blue3XL2781278
25,2022/6/17 10:57:00,708,Dark Blue,3XL,278,1,278,2544729.45625708Dark Blue3XL2781278
26,2022/6/18 11:31:00,708,Dark Blue,3XL,278,1,278,2644730.4798611111708Dark Blue3XL2781278
27,2022/6/18 19:51:00,708,Dark Blue,XL,278,1,278,2744730.8270833333708Dark BlueXL2781278
28,2022/6/18 20:13:00,708,Dark Blue,3XL,278,1,278,2844730.8423611111708Dark Blue3XL2781278
29,2022/6/18 8:36:00,897,Mid Wash,L,268,1,268,2944730.3583333333897Mid WashL2681268
29,2022/6/18 8:36:00,708,Dark Blue,XL,278,1,278,2944730.3583333333708Dark BlueXL2781278
30,2022/6/19 13:41:00,708,Dark Blue,2XL,278,1,278,3044731.5701388889708Dark Blue2XL2781278
31,2022/6/19 9:44:00,799,Dark Blue,XL,264,1,264,3144731.4055555556799Dark BlueXL2641264
32,2022/6/2 12:57:00,799,Dark Blue,XL,288,1,288,3244714.5395833333799Dark BlueXL2881288
33,2022/6/20 17:55:00,708,Dark Blue,3XL,278,1,278,3344732.7465277778708Dark Blue3XL2781278
34,2022/6/21 10:20:00,708,Dark Blue,XL,278,1,278,3444733.4305555556708Dark BlueXL2781278
35,2022/6/21 10:44:00,708,Dark Blue,XL,278,1,278,3544733.4472222222708Dark BlueXL2781278
36,2022/6/21 7:00:00,799,Dark Blue,L,264,1,264,3644733.2916666667799Dark BlueL2641264
37,2022/6/22 17:45:00,9699,Light Blue,One Size,288,1,288,3744734.73958333339699Light BlueOne Size2881288
37,2022/6/22 17:45:00,799,Dark Blue,XL,264,1,264,3744734.7395833333799Dark BlueXL2641264
38,2022/6/23 13:08:00,708,Dark Blue,XL,278,1,278,3844735.5472222222708Dark BlueXL2781278
39,2022/6/23 15:24:00,708,Dark Blue,XL,278,1,278,3944735.6416666667708Dark BlueXL2781278
40,2022/6/23 17:35:00,127,Dark Wash,One Size,238,1,238,4044735.7326388889127Dark WashOne Size2381238
41,2022/6/24 13:23:00,708,Dark Blue,XL,278,1,278,4144736.5576388889708Dark BlueXL2781278
42,2022/6/24 14:13:00,708,Dark Blue,3XL,278,1,278,4244736.5923611111708Dark Blue3XL2781278
43,2022/6/24 16:43:00,708,Dark Blue,3XL,278,1,278,4344736.6965277778708Dark Blue3XL2781278
44,2022/6/24 6:47:00,897,Dark Wash,XL,268,1,268,4444736.2826388889897Dark WashXL2681268
44,2022/6/24 6:47:00,89,Dark Blue,3XL,258,1,258,4444736.282638888989Dark Blue3XL2581258
45,2022/6/25 12:33:00,708,Dark Blue,3XL,298,1,298,4544737.5229166667708Dark Blue3XL2981298
46,2022/6/25 20:47:00,799,Dark Blue,M,288,1,288,4644737.8659722222799Dark BlueM2881288
47,2022/6/26 0:33:00,9699,Light Blue,One Size,288,1,288,4744738.02291666679699Light BlueOne Size2881288
48,2022/6/26 21:58:00,1719,Thin Blue,One Size,268,1,268,4844738.91527777781719Thin BlueOne Size2681268
48,2022/6/26 21:58:00,127,Mid Wash,One Size,238,1,238,4844738.9152777778127Mid WashOne Size2381238
49,2022/6/26 9:27:00,799,Dark Blue,XL,288,1,288,4944738.39375799Dark BlueXL2881288
50,2022/6/27 10:08:00,799,Dark Blue,M,288,1,288,5044739.4222222222799Dark BlueM2881288
51,2022/6/28 14:41:00,799,Dark Blue,M,288,1,288,5144740.6118055556799Dark BlueM2881288
52,2022/6/28 19:31:00,708,Dark Blue,2XL,298,1,298,5244740.8131944444708Dark Blue2XL2981298
53,2022/6/3 11:52:00,799,Dark Blue,L,288,1,288,5344715.4944444444799Dark BlueL2881288
54,2022/6/3 22:00:00,708,Dark Blue,2XL,278,1,278,5444715.9166666667708Dark Blue2XL2781278
54,2022/6/3 22:00:00,9699,Dark Blue,One Size,288,1,288,5444715.91666666679699Dark BlueOne Size2881288
55,2022/6/30 12:26:00,439,Rust,,258,1,258,5544742.5180555556439Rust2581258
56,2022/6/5 7:05:00,799,Dark Blue,L,288,1,288,5644717.2951388889799Dark BlueL2881288
57,2022/6/5 7:18:00,77,B,,258,1,258,5744717.304166666777B2581258
58,2022/6/6 0:01:00,3799,Grey Wash,XL,246,1,246,5844718.00069444443799Grey WashXL2461246
59,2022/6/6 0:06:00,799,Dark Blue,XL,264,1,264,5944718.0041666667799Dark BlueXL2641264
60,2022/6/6 0:12:00,708,Dark Blue,3XL,278,1,278,6044718.0083333333708Dark Blue3XL2781278
61,2022/6/6 1:37:00,708,Dark Blue,3XL,278,1,278,6144718.0673611111708Dark Blue3XL2781278
62,2022/6/6 10:04:00,708,Dark Blue,XL,278,1,278,6244718.4194444444708Dark BlueXL2781278
63,2022/6/6 10:50:00,799,Dark Blue,XL,264,1,264,6344718.4513888889799Dark BlueXL2641264
64,2022/6/6 11:57:00,708,Dark Blue,2XL,278,1,278,6444718.4979166667708Dark Blue2XL2781278
65,2022/6/6 15:57:00,708,Dark Blue,3XL,278,1,278,6544718.6645833333708Dark Blue3XL2781278
66,2022/6/6 21:15:00,708,Dark Blue,2XL,278,1,278,6644718.8854166667708Dark Blue2XL2781278
67,2022/6/6 21:42:00,897,Mid Wash,L,268,1,268,6744718.9041666667897Mid WashL2681268
68,2022/6/6 22:15:00,708,Dark Blue,3XL,278,1,278,6844718.9270833333708Dark Blue3XL2781278
69,2022/6/6 3:56:00,1719,Thin Black,One Size,268,1,268,6944718.16388888891719Thin BlackOne Size2681268
69,2022/6/6 3:56:00,77,B,,258,1,258,6944718.163888888977B2581258
69,2022/6/6 3:56:00,77,D,,258,1,258,6944718.163888888977D2581258
69,2022/6/6 3:56:00,77,A,,288,1,288,6944718.163888888977A2881288
70,2022/6/6 9:12:00,708,Dark Blue,XL,278,1,278,7044718.3833333333708Dark BlueXL2781278
71,2022/6/8 12:32:00,799,Dark Blue,L,264,1,264,7144720.5222222222799Dark BlueL2641264
72,2022/6/8 12:39:00,708,Dark Blue,2XL,278,1,278,7244720.5270833333708Dark Blue2XL2781278
72,2022/6/8 12:39:00,799,Dark Blue,XL,264,1,264,7244720.5270833333799Dark BlueXL2641264
73,2022/6/9 20:16:00,229,922 Black,XL,207,1,207,7344721.8444444444229922 BlackXL2071207
73,2022/6/9 20:16:00,229,922 Army green,XL,207,1,207,7344721.8444444444229922 Army greenXL2071207
73,2022/6/9 20:16:00,89,Dark Blue,3XL,258,1,258,7344721.844444444489Dark Blue3XL2581258
73,2022/6/9 20:16:00,2499,Mid Wash,XL,249,1,249,7344721.84444444442499Mid WashXL2491249
73,2022/6/9 20:16:00,799,Dark Blue,XL,264,1,264,7344721.8444444444799Dark BlueXL2641264
74,2022/6/9 6:41:00,799,Dark Blue,M,264,1,264,7444721.2784722222799Dark BlueM2641264
75,2022/7/1 18:05:00,799,Dark Blue,XL,15100,1,288,7544743.7534722222799Dark BlueXL151001288
76,2022/7/10 10:24:00,89,Dark Blue,2XL,258,1,258,7644752.433333333389Dark Blue2XL2581258
77,2022/7/10 12:05:00,1719,Thin Blue,One Size,268,1,268,7744752.50347222221719Thin BlueOne Size2681268
78,2022/7/10 15:57:00,708,Dark Blue,XL,298,1,298,7844752.6645833333708Dark BlueXL2981298
79,2022/7/10 18:29:00,799,Dark Blue,XL,288,1,288,7944752.7701388889799Dark BlueXL2881288
80,2022/7/10 21:13:00,799,Dark Blue,XL,288,1,288,8044752.8840277778799Dark BlueXL2881288
81,2022/7/10 3:52:00,799,Dark Blue,L,288,1,288,8144752.1611111111799Dark BlueL2881288
82,2022/7/11 1:18:00,799,Dark Blue,L,288,1,288,8244753.0541666667799Dark BlueL2881288
83,2022/7/11 10:39:00,799,Dark Blue,XL,288,1,288,8344753.44375799Dark BlueXL2881288
84,2022/7/11 17:19:00,799,Dark Blue,M,288,2,576,8444753.7215277778799Dark BlueM2882576
85,2022/7/12 15:07:00,799,Dark Blue,M,288,1,288,8544754.6298611111799Dark BlueM2881288
86,2022/7/12 15:15:00,799,Dark Blue,XL,288,1,288,8644754.6354166667799Dark BlueXL2881288
87,2022/7/12 7:37:00,799,Dark Blue,M,288,1,288,8744754.3173611111799Dark BlueM2881288
88,2022/7/13 6:10:00,799,Dark Blue,L,288,1,288,8844755.2569444444799Dark BlueL2881288
89,2022/7/14 14:15:00,708,Dark Blue,XL,298,1,298,8944756.59375708Dark BlueXL2981298
90,2022/7/14 18:29:00,799,Dark Blue,M,288,1,288,9044756.7701388889799Dark BlueM2881288
91,2022/7/14 2:01:00,799,Dark Blue,L,288,1,288,9144756.0840277778799Dark BlueL2881288
92,2022/7/14 21:12:00,799,Dark Blue,XL,288,1,288,9244756.8833333333799Dark BlueXL2881288
93,2022/7/15 12:37:00,799,Dark Blue,M,288,1,288,9344757.5256944444799Dark BlueM2881288
94,2022/7/15 23:35:00,79,Light Blue,4XL,315,1,315,9444757.982638888979Light Blue4XL3151315
94,2022/7/15 23:35:00,708,Dark Blue,2XL,298,1,298,9444757.9826388889708Dark Blue2XL2981298
95,2022/7/15 7:54:00,1719,Gray Stripes,One Size,255,1,255,9544757.32916666671719Gray StripesOne Size2551255
96,2022/7/15 7:57:00,799,Dark Blue,XL,288,1,288,9644757.33125799Dark BlueXL2881288
97,2022/7/16 18:45:00,799,Dark Blue,XL,288,1,288,9744758.78125799Dark BlueXL2881288
98,2022/7/16 20:40:00,799,Dark Blue,XL,288,1,288,9844758.8611111111799Dark BlueXL2881288
99,2022/7/16 6:36:00,799,Dark Blue,XL,288,1,288,9944758.275799Dark BlueXL2881288
100,2022/7/16 9:36:00,799,Dark Blue,XL,288,1,288,10044758.4799Dark BlueXL2881288
101,2022/7/17 17:07:00,708,Dark Blue,2XL,298,1,298,10144759.7131944444708Dark Blue2XL2981298
102,2022/7/17 18:47:00,799,Dark Blue,XL,288,1,288,10244759.7826388889799Dark BlueXL2881288
103,2022/7/18 11:06:00,799,Dark Blue,M,288,1,288,10344760.4625799Dark BlueM2881288
104,2022/7/18 19:05:00,799,Dark Blue,M,288,1,288,10444760.7951388889799Dark BlueM2881288
105,2022/7/18 23:06:00,708,Dark Blue,XL,298,1,298,10544760.9625708Dark BlueXL2981298
105,2022/7/18 23:06:00,799,Dark Blue,XL,288,1,288,10544760.9625799Dark BlueXL2881288
106,2022/7/18 8:29:00,799,Dark Blue,M,288,1,288,10644760.3534722222799Dark BlueM2881288
107,2022/7/19 14:18:00,799,Dark Blue,XL,288,1,288,10744761.5958333333799Dark BlueXL2881288
108,2022/7/19 19:20:00,799,Dark Blue,M,288,1,288,10844761.8055555556799Dark BlueM2881288
109,2022/7/19 23:22:00,799,Dark Blue,XL,288,1,288,10944761.9736111111799Dark BlueXL2881288
110,2022/7/2 0:33:00,29,920 Navy blue,S,227,1,227,11044744.022916666729920 Navy blueS2271227
110,2022/7/2 0:33:00,799,Dark Blue,M,288,1,288,11044744.0229166667799Dark BlueM2881288
111,2022/7/2 11:15:00,708,Dark Blue,2XL,298,1,298,11144744.46875708Dark Blue2XL2981298
112,2022/7/2 23:40:00,799,Dark Blue,XL,288,1,288,11244744.9861111111799Dark BlueXL2881288
113,2022/7/2 4:16:00,708,Dark Blue,3XL,298,1,298,11344744.1777777778708Dark Blue3XL2981298
114,2022/7/20 18:57:00,799,Dark Blue,XL,288,1,288,11444762.7895833333799Dark BlueXL2881288
115,2022/7/21 17:56:00,77,C,,239,1,239,11544763.747222222277C2391239
116,2022/7/22 12:28:00,3799,Grey Wash,XL,268,1,268,11644764.51944444443799Grey WashXL2681268
117,2022/7/22 18:58:00,799,Dark Blue,L,266,1,266,11744764.7902777778799Dark BlueL2661266
118,2022/7/22 4:16:00,799,Dark Blue,L,266,1,266,11844764.1777777778799Dark BlueL2661266
119,2022/7/22 9:42:00,799,Dark Blue,L,266,1,266,11944764.4041666667799Dark BlueL2661266
120,2022/7/23 13:54:00,799,Dark Blue,XL,266,1,266,12044765.5791666667799Dark BlueXL2661266
121,2022/7/23 14:33:00,799,Dark Blue,XL,266,1,266,12144765.60625799Dark BlueXL2661266
122,2022/7/23 15:31:00,2499,Mid Wash,XL,232,1,232,12244765.64652777782499Mid WashXL2321232
123,2022/7/23 17:25:00,799,Dark Blue,L,266,1,266,12344765.7256944444799Dark BlueL2661266
124,2022/7/23 20:18:00,2499,Mid Wash,M,232,1,232,12444765.84583333332499Mid WashM2321232
125,2022/7/24 10:45:00,708,Dark Blue,2XL,298,1,298,12544766.4479166667708Dark Blue2XL2981298
126,2022/7/24 14:51:00,799,Dark Blue,M,266,1,266,12644766.61875799Dark BlueM2661266
127,2022/7/24 7:27:00,799,Dark Blue,L,266,1,266,12744766.3104166667799Dark BlueL2661266
128,2022/7/25 10:26:00,799,Dark Blue,M,266,1,266,12844767.4347222222799Dark BlueM2661266
129,2022/7/25 22:23:00,127,Light Wash,One Size,238,1,238,12944767.9326388889127Light WashOne Size2381238
130,2022/7/26 11:20:00,799,Dark Blue,M,266,1,266,13044768.4722222222799Dark BlueM2661266
131,2022/7/26 15:15:00,1719,Blue Stripes,One Size,248,1,248,13144768.63541666671719Blue StripesOne Size2481248
132,2022/7/26 19:59:00,799,Dark Blue,L,266,1,266,13244768.8326388889799Dark BlueL2661266
133,2022/7/26 22:01:00,708,Dark Blue,XL,298,1,298,13344768.9173611111708Dark BlueXL2981298
134,2022/7/26 3:27:00,799,Dark Blue,XL,266,1,266,13444768.14375799Dark BlueXL2661266
135,2022/7/27 0:31:00,9699,Light Blue,One Size,288,1,288,13544769.02152777789699Light BlueOne Size2881288
136,2022/7/27 11:08:00,799,Dark Blue,XL,266,1,266,13644769.4638888889799Dark BlueXL2661266
137,2022/7/27 16:13:00,799,Dark Blue,XL,266,1,266,13744769.6756944444799Dark BlueXL2661266
138,2022/7/27 21:35:00,799,Dark Blue,L,266,1,266,13844769.8993055556799Dark BlueL2661266
139,2022/7/27 22:40:00,799,Dark Blue,L,266,1,266,13944769.9444444444799Dark BlueL2661266
140,2022/7/27 7:29:00,799,Dark Blue,XL,266,1,266,14044769.3118055556799Dark BlueXL2661266
141,2022/7/28 6:26:00,799,Dark Blue,L,266,1,266,14144770.2680555556799Dark BlueL2661266
142,2022/7/29 14:52:00,799,Dark Blue,M,266,1,266,14244771.6194444444799Dark BlueM2661266
143,2022/7/29 20:23:00,708,Dark Blue,2XL,298,1,298,14344771.8493055556708Dark Blue2XL2981298
144,2022/7/29 23:52:00,799,Dark Blue,M,266,1,266,14444771.9944444444799Dark BlueM2661266
145,2022/7/3 15:41:00,708,Dark Blue,XL,298,1,298,14544745.6534722222708Dark BlueXL2981298
146,2022/7/3 21:14:00,2499,Dark Wash,M,249,1,249,14644745.88472222222499Dark WashM2491249
146,2022/7/3 21:14:00,799,Dark Blue,M,288,1,288,14644745.8847222222799Dark BlueM2881288
147,2022/7/3 6:48:00,1499,Light Blue,XL,287,1,287,14744745.28333333331499Light BlueXL2871287
147,2022/7/3 6:48:00,799,Dark Blue,XL,288,1,288,14744745.2833333333799Dark BlueXL2881288
148,2022/7/30 11:00:00,799,Dark Blue,XL,266,1,266,14844772.4583333333799Dark BlueXL2661266
149,2022/7/30 12:58:00,708,Dark Blue,3XL,298,1,298,14944772.5402777778708Dark Blue3XL2981298
150,2022/7/30 15:05:00,799,Dark Blue,L,266,1,266,15044772.6284722222799Dark BlueL2661266
151,2022/7/30 15:18:00,799,Dark Blue,XL,266,1,266,15144772.6375799Dark BlueXL2661266
152,2022/7/30 16:03:00,799,Dark Blue,XL,266,1,266,15244772.66875799Dark BlueXL2661266
153,2022/7/30 18:56:00,799,Dark Blue,L,266,1,266,15344772.7888888889799Dark BlueL2661266
154,2022/7/30 20:54:00,799,Dark Blue,XL,266,1,266,15444772.8708333333799Dark BlueXL2661266
155,2022/7/30 6:30:00,799,Dark Blue,XL,266,1,266,15544772.2708333333799Dark BlueXL2661266
156,2022/7/31 13:19:00,708,Dark Blue,3XL,298,1,298,15644773.5548611111708Dark Blue3XL2981298
157,2022/7/31 17:03:00,708,Dark Blue,3XL,298,1,298,15744773.7104166667708Dark Blue3XL2981298
158,2022/7/31 18:25:00,628,Blue,XL,268,1,268,15844773.7673611111628BlueXL2681268
159,2022/7/31 21:34:00,799,Dark Blue,XL,266,1,266,15944773.8986111111799Dark BlueXL2661266
160,2022/7/31 23:11:00,61399,Mid Wash,M,278,1,278,16044773.965972222261399Mid WashM2781278
160,2022/7/31 23:11:00,799,Dark Blue,L,266,1,266,16044773.9659722222799Dark BlueL2661266
161,2022/7/31 23:38:00,1719,Black Stripes,One Size,248,1,248,16144773.98472222221719Black StripesOne Size2481248
162,2022/7/5 9:03:00,799,Dark Blue,M,288,1,288,16244747.3770833333799Dark BlueM2881288
163,2022/7/5 9:47:00,799,Dark Blue,M,288,1,288,16344747.4076388889799Dark BlueM2881288
164,2022/7/6 17:14:00,9699,Light Blue,One Size,288,1,288,16444748.71805555569699Light BlueOne Size2881288
164,2022/7/6 17:14:00,9699,Black,One Size,288,2,576,16444748.71805555569699BlackOne Size2882576
165,2022/7/7 0:35:00,9699,Light Blue,One Size,288,1,288,16544749.02430555569699Light BlueOne Size2881288
166,2022/7/7 11:29:00,799,Dark Blue,XL,269,1,269,16644749.4784722222799Dark BlueXL2691269
167,2022/7/7 11:56:00,77,B,,239,1,239,16744749.497222222277B2391239
168,2022/7/7 13:33:00,799,Dark Blue,XL,269,1,269,16844749.5645833333799Dark BlueXL2691269
169,2022/7/7 13:34:00,799,Dark Blue,L,269,1,269,16944749.5652777778799Dark BlueL2691269
170,2022/7/7 18:24:00,799,Dark Blue,XL,269,1,269,17044749.7666666667799Dark BlueXL2691269
171,2022/7/7 18:26:00,799,Dark Blue,L,269,1,269,17144749.7680555556799Dark BlueL2691269
172,2022/7/7 20:34:00,799,Dark Blue,L,269,1,269,17244749.8569444444799Dark BlueL2691269
173,2022/7/7 5:54:00,708,Dark Blue,2XL,296,1,296,17344749.2458333333708Dark Blue2XL2961296
174,2022/7/7 7:44:00,708,Dark Blue,3XL,296,1,296,17444749.3222222222708Dark Blue3XL2961296
175,2022/7/7 9:56:00,799,Dark Blue,L,269,1,269,17544749.4138888889799Dark BlueL2691269
176,2022/7/8 14:28:00,9699,Black,One Size,288,1,288,17644750.60277777789699BlackOne Size2881288
176,2022/7/8 14:28:00,799,Dark Blue,XL,269,1,269,17644750.6027777778799Dark BlueXL2691269
177,2022/7/9 20:06:00,708,Dark Blue,XL,296,1,296,17744751.8375708Dark BlueXL2961296
177,2022/7/9 20:06:00,799,Dark Blue,L,269,1,269,17744751.8375799Dark BlueL2691269
178,2022/7/9 21:20:00,77,A,,239,1,239,17844751.888888888977A2391239
179,2022/7/9 21:49:00,708,Dark Blue,2XL,296,1,296,17944751.9090277778708Dark Blue2XL2961296
180,2022/8/1 14:06:00,799,Dark Blue,L,266,1,266,18044774.5875799Dark BlueL2661266
181,2022/8/1 8:33:00,799,Dark Blue,XL,266,1,266,18144774.35625799Dark BlueXL2661266
182,2022/8/10 20:58:00,799,Dark Blue,M,266,1,266,18244783.8736111111799Dark BlueM2661266
183,2022/8/10 21:08:00,9699,Light Blue,One Size,288,1,288,18344783.88055555569699Light BlueOne Size2881288
183,2022/8/10 21:08:00,3799,Grey Wash,XL,268,1,268,18344783.88055555563799Grey WashXL2681268
184,2022/8/10 7:01:00,799,Dark Blue,XL,266,1,266,18444783.2923611111799Dark BlueXL2661266
185,2022/8/11 21:03:00,799,Dark Blue,L,266,1,266,18544784.8770833333799Dark BlueL2661266
186,2022/8/11 23:21:00,799,Dark Blue,XL,266,1,266,18644784.9729166667799Dark BlueXL2661266
187,2022/8/12 13:03:00,799,Dark Blue,L,266,1,266,18744785.54375799Dark BlueL2661266
188,2022/8/12 13:16:00,799,Dark Blue,L,266,1,266,18844785.5527777778799Dark BlueL2661266
189,2022/8/12 13:38:00,799,Dark Blue,M,266,1,266,18944785.5680555556799Dark BlueM2661266
190,2022/8/12 21:29:00,799,Dark Blue,M,266,1,266,19044785.8951388889799Dark BlueM2661266
191,2022/8/13 11:27:00,799,Dark Blue,M,266,1,266,19144786.4770833333799Dark BlueM2661266
192,2022/8/13 22:06:00,799,Dark Blue,XL,266,1,266,19244786.9208333333799Dark BlueXL2661266
193,2022/8/13 23:59:00,799,Dark Blue,XL,266,1,266,19344786.9993055556799Dark BlueXL2661266
194,2022/8/14 1:07:00,799,Dark Blue,L,266,1,266,19444787.0465277778799Dark BlueL2661266
195,2022/8/14 10:05:00,799,Dark Blue,L,266,1,266,19544787.4201388889799Dark BlueL2661266
196,2022/8/14 11:24:00,799,Dark Blue,M,266,1,266,19644787.475799Dark BlueM2661266
197,2022/8/14 13:30:00,799,Dark Blue,L,266,1,266,19744787.5625799Dark BlueL2661266
198,2022/8/14 19:15:00,799,Dark Blue,M,266,1,266,19844787.8020833333799Dark BlueM2661266
199,2022/8/14 20:30:00,89,Light Blue,XL,258,1,258,19944787.854166666789Light BlueXL2581258
200,2022/8/15 1:32:00,799,Dark Blue,XL,266,1,266,20044788.0638888889799Dark BlueXL2661266
201,2022/8/15 12:38:00,799,Dark Blue,XL,266,1,266,20144788.5263888889799Dark BlueXL2661266
202,2022/8/15 15:41:00,799,Dark Blue,L,266,1,266,20244788.6534722222799Dark BlueL2661266
203,2022/8/15 17:51:00,799,Dark Blue,XL,266,1,266,20344788.74375799Dark BlueXL2661266
204,2022/8/15 19:15:00,77,C,,239,1,239,20444788.802083333377C2391239
204,2022/8/15 19:15:00,239,Green,,245,1,245,20444788.8020833333239Green2451245
204,2022/8/15 19:15:00,239,White,,245,1,245,20444788.8020833333239White2451245
204,2022/8/15 19:15:00,239,Mustard,,245,1,245,20444788.8020833333239Mustard2451245
204,2022/8/15 19:15:00,239,Rust,,245,1,245,20444788.8020833333239Rust2451245
204,2022/8/15 19:15:00,339,Brown,,254,1,254,20444788.8020833333339Brown2541254
204,2022/8/15 19:15:00,339,Green,,254,1,254,20444788.8020833333339Green2541254
205,2022/8/15 2:40:00,708,Dark Blue,3XL,277,1,277,20544788.1111111111708Dark Blue3XL2771277
206,2022/8/15 5:17:00,799,Dark Blue,L,266,1,266,20644788.2201388889799Dark BlueL2661266
207,2022/8/15 9:05:00,799,Dark Blue,XL,266,1,266,20744788.3784722222799Dark BlueXL2661266
208,2022/8/15 9:39:00,799,Dark Blue,XL,266,1,266,20844788.4020833333799Dark BlueXL2661266
209,2022/8/16 13:51:00,799,Dark Blue,M,266,1,266,20944789.5770833333799Dark BlueM2661266
210,2022/8/16 17:34:00,799,Dark Blue,XL,266,1,266,21044789.7319444444799Dark BlueXL2661266
211,2022/8/16 19:49:00,799,Dark Blue,L,266,1,266,21144789.8256944444799Dark BlueL2661266
212,2022/8/16 23:53:00,79,Light Blue,L,315,1,315,21244789.995138888979Light BlueL3151315
212,2022/8/16 23:53:00,799,Dark Blue,L,266,1,266,21244789.9951388889799Dark BlueL2661266
213,2022/8/16 3:14:00,799,Dark Blue,L,266,1,266,21344789.1347222222799Dark BlueL2661266
214,2022/8/16 8:39:00,799,Dark Blue,M,266,1,266,21444789.3604166667799Dark BlueM2661266
215,2022/8/17 12:32:00,799,Dark Blue,XL,266,1,266,21544790.5222222222799Dark BlueXL2661266
216,2022/8/17 15:22:00,61399,Mid Wash,XL,278,1,278,21644790.640277777861399Mid WashXL2781278
216,2022/8/17 15:22:00,799,Dark Blue,XL,266,1,266,21644790.6402777778799Dark BlueXL2661266
217,2022/8/17 18:10:00,89,Light Blue,3XL,258,1,258,21744790.756944444489Light Blue3XL2581258
218,2022/8/17 22:40:00,799,Dark Blue,L,266,1,266,21844790.9444444444799Dark BlueL2661266
219,2022/8/17 4:12:00,799,Dark Blue,M,266,500,266,21944790.175799Dark BlueM266500266
220,2022/8/17 6:29:00,799,Dark Blue,XL,266,1,266,22044790.2701388889799Dark BlueXL2661266
221,2022/8/17 7:25:00,89,Dark Blue,2XL,258,1,258,22144790.309027777889Dark Blue2XL2581258
222,2022/8/18 14:04:00,799,Dark Blue,XL,288,1,288,22244791.5861111111799Dark BlueXL2881288
223,2022/8/18 18:08:00,799,Dark Blue,M,288,1,288,22344791.7555555556799Dark BlueM2881288
224,2022/8/18 19:50:00,799,Dark Blue,M,288,1,288,22444791.8263888889799Dark BlueM2881288
225,2022/8/19 21:42:00,bobo,Matcha,One Size,228,1,228,22544792.9041666667boboMatchaOne Size2281228
226,2022/8/19 22:56:00,799,Dark Blue,XL,288,1,288,22644792.9555555556799Dark BlueXL2881288
227,2022/8/19 9:43:00,799,Dark Blue,L,288,1,288,22744792.4048611111799Dark BlueL2881288
228,2022/8/20 11:49:00,799,Dark Blue,XL,288,1,288,22844793.4923611111799Dark BlueXL2881288
229,2022/8/20 12:59:00,708,Dark Blue,2XL,298,1,298,22944793.5409722222708Dark Blue2XL2981298
230,2022/8/20 18:19:00,799,Dark Blue,XL,288,1,288,23044793.7631944444799Dark BlueXL2881288
231,2022/8/20 23:35:00,3799,Grey Wash,XL,268,1,268,23144793.98263888893799Grey WashXL2681268
232,2022/8/22 23:25:00,799,Dark Blue,M,288,1,288,23244795.9756944444799Dark BlueM2881288
233,2022/8/22 7:06:00,218,Black,XL,318,1,318,23344795.2958333333218BlackXL3181318
233,2022/8/22 7:06:00,1499,Dark Blue,XL,287,1,287,23344795.29583333331499Dark BlueXL2871287
234,2022/8/22 9:21:00,799,Dark Blue,M,288,1,288,23444795.3895833333799Dark BlueM2881288
235,2022/8/23 17:38:00,799,Dark Blue,XL,288,1,288,23544796.7347222222799Dark BlueXL2881288
236,2022/8/23 19:54:00,89,Dark Blue,2XL,258,1,258,23644796.829166666789Dark Blue2XL2581258
237,2022/8/23 22:41:00,799,Dark Blue,XL,288,1,288,23744796.9451388889799Dark BlueXL2881288
238,2022/8/23 7:05:00,708,Dark Blue,2XL,298,1,298,23844796.2951388889708Dark Blue2XL2981298
239,2022/8/24 14:34:00,799,Dark Blue,XL,288,1,288,23944797.6069444444799Dark BlueXL2881288
240,2022/8/24 19:51:00,799,Dark Blue,L,288,1,288,24044797.8270833333799Dark BlueL2881288
241,2022/8/24 8:05:00,799,Dark Blue,XL,99999,1,288,24144797.3368055556799Dark BlueXL999991288
242,2022/8/25 13:02:00,799,Dark Blue,XL,288,2,576,24244798.5430555556799Dark BlueXL2882576
243,2022/8/25 20:29:00,799,Dark Blue,M,288,1,288,24344798.8534722222799Dark BlueM2881288
244,2022/8/25 22:07:00,239,Gray,,278,1,278,24444798.9215277778239Gray2781278
245,2022/8/26 14:36:00,799,Dark Blue,L,269,1,269,24544799.6083333333799Dark BlueL2691269
246,2022/8/26 16:02:00,799,Dark Blue,L,269,1,269,24644799.6680555556799Dark BlueL2691269
247,2022/8/26 16:08:00,799,Dark Blue,L,269,1,269,24744799.6722222222799Dark BlueL2691269
248,2022/8/26 16:47:00,799,Dark Blue,M,269,1,269,24844799.6993055556799Dark BlueM2691269
249,2022/8/26 20:39:00,799,Dark Blue,XL,269,1,269,24944799.8604166667799Dark BlueXL2691269
250,2022/8/26 21:37:00,8499,Light Blue,M,238,1,238,25044799.90069444448499Light BlueM2381238
251,2022/8/26 9:23:00,799,Dark Blue,M,269,1,269,25144799.3909722222799Dark BlueM2691269
252,2022/8/27 16:29:00,799,Dark Blue,M,288,1,288,25244800.6868055556799Dark BlueM2881288
253,2022/8/27 19:31:00,3799,Grey Wash,XL,268,1,268,25344800.81319444443799Grey WashXL2681268
254,2022/8/27 22:25:00,799,Dark Blue,L,288,1,288,25444800.9340277778799Dark BlueL2881288
255,2022/8/27 23:31:00,89,Light Blue,2XL,258,1,258,25544800.979861111189Light Blue2XL2581258
256,2022/8/28 12:12:00,708,Dark Blue,3XL,298,1,298,25644801.5083333333708Dark Blue3XL2981298
257,2022/8/28 15:43:00,799,Dark Blue,XL,288,1,288,25744801.6548611111799Dark BlueXL2881288
258,2022/8/28 19:30:00,9699,Black,One Size,288,1,288,25844801.81259699BlackOne Size2881288
259,2022/8/28 22:10:00,708,Dark Blue,XL,298,1,298,25944801.9236111111708Dark BlueXL2981298
260,2022/8/28 22:12:00,799,Dark Blue,M,288,1,288,26044801.925799Dark BlueM2881288
261,2022/8/28 8:39:00,799,Dark Blue,XL,288,1,288,26144801.3604166667799Dark BlueXL2881288
262,2022/8/29 16:41:00,799,Dark Blue,XL,288,1,288,26244802.6951388889799Dark BlueXL2881288
263,2022/8/29 19:41:00,708,Dark Blue,2XL,298,1,298,26344802.8201388889708Dark Blue2XL2981298
263,2022/8/29 19:41:00,708,Dark Blue,3XL,298,1,298,26344802.8201388889708Dark Blue3XL2981298
264,2022/8/29 9:58:00,9699,Light Blue,One Size,288,1,288,26444802.41527777789699Light BlueOne Size2881288
264,2022/8/29 9:58:00,9699,Dark Blue,One Size,288,1,288,26444802.41527777789699Dark BlueOne Size2881288
265,2022/8/3 20:42:00,3799,Grey Wash,M,268,1,268,26544776.86253799Grey WashM2681268
266,2022/8/3 21:27:00,799,Dark Blue,L,266,1,266,26644776.89375799Dark BlueL2661266
267,2022/8/3 21:45:00,799,Dark Blue,L,266,1,266,26744776.90625799Dark BlueL2661266
268,2022/8/3 23:03:00,bobo,Navy Blue,One Size,191,1,191,26844776.9604166667boboNavy BlueOne Size1911191
269,2022/8/3 6:14:00,708,Dark Blue,XL,298,1,298,26944776.2597222222708Dark BlueXL2981298
269,2022/8/3 6:14:00,799,Dark Blue,XL,266,1,266,26944776.2597222222799Dark BlueXL2661266
270,2022/8/30 20:36:00,799,Dark Blue,M,278,1,278,27044803.8583333333799Dark BlueM2781278
271,2022/8/30 5:47:00,799,Dark Blue,XL,278,1,278,27144803.2409722222799Dark BlueXL2781278
272,2022/8/30 7:10:00,799,Dark Blue,L,278,1,278,27244803.2986111111799Dark BlueL2781278
273,2022/8/30 8:58:00,799,Dark Blue,L,278,1,278,27344803.3736111111799Dark BlueL2781278
1,2022/8/30 9:42:00,3081,Midnight Blue,One SIze,198,1,198,144803.40416666673081Midnight BlueOne SIze1981198
2,2022/8/30 9:42:00,89,Dark Blue,3XL,245,1,245,244803.404166666789Dark Blue3XL2451245
3,2022/8/30 9:42:00,799,Dark Blue,XL,278,1,278,344803.4041666667799Dark BlueXL2781278
4,2022/8/30 9:42:00,799,Dark Blue,XL,278,1,278,444803.4041666667799Dark BlueXL2781278
5,2022/8/31 0:34:00,799,Dark Blue,XL,278,1,278,544804.0236111111799Dark BlueXL2781278
6,2022/8/31 15:28:00,799,Dark Blue,M,278,1,278,644804.6444444444799Dark BlueM2781278
7,2022/8/31 15:31:00,799,Dark Blue,XL,278,1,278,744804.6465277778799Dark BlueXL2781278
8,2022/8/31 18:50:00,79,Light Blue,L,297,1,297,844804.784722222279Light BlueL2971297
9,2022/8/31 6:21:00,708,Dark Blue,3XL,298,1,298,944804.2645833333708Dark Blue3XL2981298
10,2022/8/31 8:42:00,708,Dark Blue,2XL,298,1,298,1044804.3625708Dark Blue2XL2981298
11,2022/8/4 12:30:00,77,B,,239,1,239,1144777.520833333377B2391239
11,2022/8/4 12:30:00,77,C,,239,1,239,1144777.520833333377C2391239
12,2022/8/4 21:11:00,bobo,Maroon,One Size,191,1,191,1244777.8826388889boboMaroonOne Size1911191
12,2022/8/4 21:11:00,bobo,Blue,One Size,191,1,191,1244777.8826388889boboBlueOne Size1911191
13,2022/8/5 12:18:00,799,Dark Blue,L,266,1,266,1344778.5125799Dark BlueL2661266
14,2022/8/5 17:11:00,708,Dark Blue,3XL,298,1,298,1444778.7159722222708Dark Blue3XL2981298
15,2022/8/5 19:33:00,708,Dark Blue,4XL,899,1,899,1544778.8145833333708Dark Blue4XL8991899
16,2022/8/6 0:37:00,539,Black,One Size,268,1,268,1644779.0256944444539BlackOne Size2681268
16,2022/8/6 0:37:00,8499,Light Blue,M,223,1,223,1644779.02569444448499Light BlueM2231223
16,2022/8/6 0:37:00,799,Dark Blue,M,266,1,266,1644779.0256944444799Dark BlueM2661266
17,2022/8/6 11:04:00,339,Navy Blue,,288,1,288,1744779.4611111111339Navy Blue2881288
17,2022/8/6 11:04:00,339,Mocha,,288,1,288,1744779.4611111111339Mocha2881288
18,2022/8/6 19:41:00,799,Dark Blue,XL,266,1,266,1844779.8201388889799Dark BlueXL2661266
19,2022/8/6 23:07:00,708,Dark Blue,2XL,298,1,298,1944779.9631944444708Dark Blue2XL2981298
20,2022/8/7 10:53:00,799,Dark Blue,XL,266,1,266,2044780.4534722222799Dark BlueXL2661266
21,2022/8/7 22:31:00,1719,Thin Blue,One Size,249,1,249,2144780.93819444441719Thin BlueOne Size2491249
22,2022/8/7 22:31:00,1719,Blue Stripes,One Size,248,1,248,2244780.93819444441719Blue StripesOne Size2481248
23,2022/8/8 0:26:00,708,Dark Blue,2XL,298,1,298,2344781.0180555556708Dark Blue2XL2981298
24,2022/8/8 0:58:00,bobo,Cream,One Size,191,2,382,2444781.0402777778boboCreamOne Size1912382
24,2022/8/8 0:58:00,bobo,Navy Blue,One Size,191,1,191,2444781.0402777778boboNavy BlueOne Size1911191
24,2022/8/8 0:58:00,bobo,Blue,One Size,191,1,191,2444781.0402777778boboBlueOne Size1911191
25,2022/8/8 15:11:00,77,B,,239,1,239,2544781.632638888977B2391239
25,2022/8/8 15:11:00,239,Navy Blue,,239,1,239,2544781.6326388889239Navy Blue2391239
25,2022/8/8 15:11:00,239,Brown,,239,1,239,2544781.6326388889239Brown2391239
25,2022/8/8 15:11:00,239,Skintone,,278,1,278,2544781.6326388889239Skintone2781278
26,2022/8/8 15:14:00,799,Dark Blue,M,266,1,266,2644781.6347222222799Dark BlueM2661266
27,2022/8/8 19:18:00,799,Dark Blue,M,266,1,266,2744781.8041666667799Dark BlueM2661266
28,2022/8/8 2:45:00,799,Dark Blue,L,266,1,266,2844781.1145833333799Dark BlueL2661266
29,2022/8/8 20:33:00,799,Dark Blue,L,266,1,266,2944781.85625799Dark BlueL2661266
30,2022/8/8 21:14:00,799,Dark Blue,M,266,1,266,3044781.8847222222799Dark BlueM2661266
31,2022/8/8 8:07:00,708,Dark Blue,3XL,298,1,298,3144781.3381944444708Dark Blue3XL2981298
32,2022/8/8 8:36:00,708,Dark Blue,3XL,298,1,298,3244781.3583333333708Dark Blue3XL2981298
33,2022/8/8 8:50:00,799,Dark Blue,L,266,1,266,3344781.3680555556799Dark BlueL2661266
34,2022/8/9 11:20:00,799,Dark Blue,XL,266,1,266,3444782.4722222222799Dark BlueXL2661266
35,2022/8/9 13:03:00,799,Dark Blue,L,266,1,266,3544782.54375799Dark BlueL2661266
36,2022/8/9 13:27:00,218,Black,M,296,1,296,3644782.5604166667218BlackM2961296
37,2022/8/9 16:27:00,799,Dark Blue,XL,266,1,266,3744782.6854166667799Dark BlueXL2661266
38,2022/9/1 11:41:00,799,Dark Blue,L,288,1,288,3844805.4868055556799Dark BlueL2881288
39,2022/9/1 12:15:00,799,Dark Blue,XL,288,1,288,3944805.5104166667799Dark BlueXL2881288
40,2022/9/10 0:37:00,799,Dark Blue,M,265,1,265,4044814.0256944444799Dark BlueM2651265
41,2022/9/10 10:41:00,708,Dark Blue,4XL,278,1,278,4144814.4451388889708Dark Blue4XL2781278
42,2022/9/10 11:47:00,708,Dark Blue,2XL,278,1,278,4244814.4909722222708Dark Blue2XL2781278
43,2022/9/10 12:34:00,708,Dark Blue,4XL,278,1,278,4344814.5236111111708Dark Blue4XL2781278
44,2022/9/10 17:40:00,799,Dark Blue,XL,265,1,265,4444814.7361111111799Dark BlueXL2651265
45,2022/9/10 18:43:00,239,Navy Blue,,278,1,278,4544814.7798611111239Navy Blue2781278
46,2022/9/10 18:52:00,708,Dark Blue,3XL,278,1,278,4644814.7861111111708Dark Blue3XL2781278
46,2022/9/10 18:52:00,799,Dark Blue,XL,265,1,265,4644814.7861111111799Dark BlueXL2651265
47,2022/9/10 2:31:00,799,Dark Blue,XL,265,2,530,4744814.1048611111799Dark BlueXL2652530
48,2022/9/10 20:41:00,218,Black,XL,318,1,318,4844814.8618055556218BlackXL3181318
49,2022/9/10 6:09:00,708,Dark Blue,4XL,278,1,278,4944814.25625708Dark Blue4XL2781278
49,2022/9/10 6:09:00,799,Dark Blue,XL,265,1,265,4944814.25625799Dark BlueXL2651265
50,2022/9/11 1:34:00,708,Dark Blue,3XL,278,1,278,5044815.0652777778708Dark Blue3XL2781278
51,2022/9/11 10:33:00,799,Dark Blue,XL,265,1,265,5144815.4395833333799Dark BlueXL2651265
52,2022/9/11 23:46:00,799,Dark Blue,M,265,1,265,5244815.9902777778799Dark BlueM2651265
53,2022/9/11 8:29:00,61399,Dark Wash,M,278,1,278,5344815.353472222261399Dark WashM2781278
53,2022/9/11 8:29:00,799,Dark Blue,M,265,1,265,5344815.3534722222799Dark BlueM2651265
54,2022/9/11 8:33:00,61399,Dark Wash,M,278,1,278,5444815.3562561399Dark WashM2781278
54,2022/9/11 8:33:00,799,Dark Blue,M,265,1,265,5444815.35625799Dark BlueM2651265
55,2022/9/12 16:46:00,708,Dark Blue,2XL,287,1,287,5544816.6986111111708Dark Blue2XL2871287
56,2022/9/12 20:19:00,799,Dark Blue,XL,275,1,275,5644816.8465277778799Dark BlueXL2751275
57,2022/9/12 5:24:00,799,Dark Blue,M,275,1,275,5744816.225799Dark BlueM2751275
58,2022/9/12 8:59:00,708,Dark Blue,2XL,287,1,287,5844816.3743055556708Dark Blue2XL2871287
59,2022/9/13 13:06:00,799,Dark Blue,L,275,1,275,5944817.5458333333799Dark BlueL2751275
60,2022/9/14 5:16:00,799,Dark Blue,XL,275,1,275,6044818.2194444444799Dark BlueXL2751275
61,2022/9/14 7:03:00,708,Dark Blue,XL,287,1,287,6144818.29375708Dark BlueXL2871287
62,2022/9/14 9:34:00,3081,Brown,One SIze,198,1,198,6244818.39861111113081BrownOne SIze1981198
62,2022/9/14 9:34:00,3081,Light Blue,One SIze,198,1,198,6244818.39861111113081Light BlueOne SIze1981198
62,2022/9/14 9:34:00,3081,Cornflower Blue,One SIze,198,1,198,6244818.39861111113081Cornflower BlueOne SIze1981198
62,2022/9/14 9:34:00,3081,Midnight Blue,One SIze,198,1,198,6244818.39861111113081Midnight BlueOne SIze1981198
62,2022/9/14 9:34:00,799,Dark Blue,L,275,1,275,6244818.3986111111799Dark BlueL2751275
63,2022/9/15 0:11:00,799,Dark Blue,L,269,1,269,6344819.0076388889799Dark BlueL2691269
201,2022/8/15 12:38:00,799,Dark Blue,XL,266,1,266,20144788.5263888889799Dark BlueXL2661266
64,2022/9/15 12:06:00,799,Dark Blue,XL,269,1,269,6444819.5041666667799Dark BlueXL2691269
65,2022/9/15 19:41:00,799,Dark Blue,XL,269,1,269,6544819.8201388889799Dark BlueXL2691269
66,2022/9/15 4:55:00,799,Dark Blue,L,269,1,269,6644819.2048611111799Dark BlueL2691269
67,2022/9/15 6:45:00,799,Dark Blue,M,269,1,269,6744819.28125799Dark BlueM2691269
68,2022/9/16 17:50:00,799,Dark Blue,XL,288,1,288,6844820.7430555556799Dark BlueXL2881288
69,2022/9/16 20:39:00,799,Dark Blue,M,288,1,288,6944820.8604166667799Dark BlueM2881288
70,2022/9/16 21:40:00,799,Dark Blue,M,288,1,288,7044820.9027777778799Dark BlueM2881288
71,2022/9/16 9:31:00,799,Dark Blue,L,288,1,288,7144820.3965277778799Dark BlueL2881288
72,2022/9/17 13:44:00,799,Dark Blue,L,288,1,288,7244821.5722222222799Dark BlueL2881288
73,2022/9/17 14:44:00,799,Dark Blue,L,288,1,288,7344821.6138888889799Dark BlueL2881288
74,2022/9/17 19:24:00,799,Dark Blue,XL,288,1,288,7444821.8083333333799Dark BlueXL2881288
75,2022/9/17 21:03:00,239,Rust,,278,1,278,7544821.8770833333239Rust2781278
76,2022/9/17 21:17:00,89,Light Blue,3XL,258,1,258,7644821.886805555689Light Blue3XL2581258
77,2022/9/17 5:26:00,799,Dark Blue,XL,288,1,288,7744821.2263888889799Dark BlueXL2881288
78,2022/9/17 8:21:00,799,Dark Blue,M,288,1,288,7844821.3479166667799Dark BlueM2881288
79,2022/9/18 13:46:00,708,Dark Blue,XL,298,1,298,7944822.5736111111708Dark BlueXL2981298
80,2022/9/18 8:01:00,708,Dark Blue,2XL,298,1,298,8044822.3340277778708Dark Blue2XL2981298
80,2022/9/18 8:01:00,799,Dark Blue,XL,288,1,288,8044822.3340277778799Dark BlueXL2881288
81,2022/9/18 8:12:00,239,Yellow,,278,1,278,8144822.3416666667239Yellow2781278
81,2022/9/18 8:12:00,bobo,Pink,One Size,228,1,228,8144822.3416666667boboPinkOne Size2281228
82,2022/9/18 9:31:00,799,Dark Blue,L,288,1,288,8244822.3965277778799Dark BlueL2881288
83,2022/9/19 10:05:00,799,Dark Blue,M,288,1,288,8344823.4201388889799Dark BlueM2881288
83,2022/9/19 10:05:00,799,Dark Blue,L,288,2,576,8344823.4201388889799Dark BlueL2882576
84,2022/9/19 10:46:00,799,Dark Blue,L,288,1,288,8444823.4486111111799Dark BlueL2881288
85,2022/9/19 17:02:00,799,Dark Blue,XL,288,1,288,8544823.7097222222799Dark BlueXL2881288
86,2022/9/19 21:24:00,799,Dark Blue,L,288,1,288,8644823.8916666667799Dark BlueL2881288
87,2022/9/19 22:28:00,799,Dark Blue,XL,288,1,288,8744823.9361111111799Dark BlueXL2881288
88,2022/9/2 11:26:00,708,Dark Blue,2XL,298,1,298,8844806.4763888889708Dark Blue2XL2981298
89,2022/9/2 11:31:00,708,Dark Blue,2XL,298,1,298,8944806.4798611111708Dark Blue2XL2981298
90,2022/9/2 13:03:00,799,Dark Blue,M,288,1,288,9044806.54375799Dark BlueM2881288
91,2022/9/2 13:42:00,708,Dark Blue,2XL,298,1,298,9144806.5708333333708Dark Blue2XL2981298
91,2022/9/2 13:42:00,799,Dark Blue,XL,288,1,288,9144806.5708333333799Dark BlueXL2881288
92,2022/9/20 18:15:00,bobo,Red Orange,One Size,228,1,228,9244824.7604166667boboRed OrangeOne Size2281228
92,2022/9/20 18:15:00,bobo,Matcha,One Size,228,1,228,9244824.7604166667boboMatchaOne Size2281228
93,2022/9/20 7:39:00,799,Dark Blue,L,288,1,288,9344824.31875799Dark BlueL2881288
94,2022/9/20 9:22:00,708,Dark Blue,2XL,298,1,298,9444824.3902777778708Dark Blue2XL2981298
95,2022/9/21 13:05:00,799,Dark Blue,L,288,1,288,9544825.5451388889799Dark BlueL2881288
96,2022/9/21 15:24:00,799,Dark Blue,XL,288,1,288,9644825.6416666667799Dark BlueXL2881288
97,2022/9/21 16:28:00,799,Dark Blue,M,288,1,288,9744825.6861111111799Dark BlueM2881288
98,2022/9/21 6:30:00,799,Dark Blue,M,288,1,288,9844825.2708333333799Dark BlueM2881288
99,2022/9/21 6:33:00,799,Dark Blue,M,288,1,288,9944825.2729166667799Dark BlueM2881288
100,2022/9/21 7:23:00,708,Dark Blue,2XL,298,1,298,10044825.3076388889708Dark Blue2XL2981298
101,2022/9/22 20:38:00,799,Dark Blue,L,275,1,275,10144826.8597222222799Dark BlueL2751275
102,2022/9/22 21:28:00,799,Dark Blue,XL,275,1,275,10244826.8944444444799Dark BlueXL2751275
103,2022/9/22 23:11:00,799,Dark Blue,XL,275,1,275,10344826.9659722222799Dark BlueXL2751275
104,2022/9/23 12:15:00,799,Dark Blue,M,275,1,275,10444827.5104166667799Dark BlueM2751275
105,2022/9/23 9:44:00,799,Dark Blue,L,275,1,275,10544827.4055555556799Dark BlueL2751275
106,2022/9/24 15:57:00,239,Gray,,259,1,259,10644828.6645833333239Gray2591259
107,2022/9/24 19:55:00,708,Dark Blue,2XL,287,1,287,10744828.8298611111708Dark Blue2XL2871287
108,2022/9/25 14:52:00,89,Dark Blue,3XL,258,1,258,10844829.619444444489Dark Blue3XL2581258
109,2022/9/25 8:53:00,799,Dark Blue,XL,278,1,278,10944829.3701388889799Dark BlueXL2781278
110,2022/9/26 13:19:00,799,Dark Blue,L,288,1,288,11044830.5548611111799Dark BlueL2881288
111,2022/9/26 6:59:00,89,Dark Blue,XL,258,1,258,11144830.290972222289Dark BlueXL2581258
112,2022/9/26 8:45:00,799,Dark Blue,XL,288,1,288,11244830.3645833333799Dark BlueXL2881288
113,2022/9/27 13:31:00,799,Dark Blue,M,288,1,288,11344831.5631944444799Dark BlueM2881288
114,2022/9/27 5:15:00,708,Dark Blue,2XL,298,1,298,11444831.21875708Dark Blue2XL2981298
115,2022/9/27 7:10:00,799,Dark Blue,M,288,1,288,11544831.2986111111799Dark BlueM2881288
116,2022/9/28 17:47:00,708,Dark Blue,2XL,298,1,298,11644832.7409722222708Dark Blue2XL2981298
117,2022/9/28 19:18:00,708,Dark Blue,4XL,286,1,286,11744832.8041666667708Dark Blue4XL2861286
118,2022/9/28 22:11:00,708,Dark Blue,2XL,286,1,286,11844832.9243055556708Dark Blue2XL2861286
119,2022/9/29 10:15:00,799,Dark Blue,XL,288,1,288,11944833.4270833333799Dark BlueXL2881288
120,2022/9/29 17:05:00,799,Dark Blue,XL,288,1,288,12044833.7118055556799Dark BlueXL2881288
121,2022/9/29 21:14:00,239,Gray,,278,1,278,12144833.8847222222239Gray2781278
122,2022/9/3 15:14:00,708,Dark Blue,2XL,298,1,298,12244807.6347222222708Dark Blue2XL2981298
122,2022/9/3 15:14:00,799,Dark Blue,XL,288,1,288,12244807.6347222222799Dark BlueXL2881288
123,2022/9/3 15:26:00,9699,Dark Blue,One Size,288,1,288,12344807.64305555569699Dark BlueOne Size2881288
124,2022/9/3 19:01:00,218,Black,M,318,1,318,12444807.7923611111218BlackM3181318
125,2022/9/3 22:13:00,239,Navy Blue,,278,1,278,12544807.9256944444239Navy Blue2781278
126,2022/9/30 0:00:00,799,Dark Blue,XL,278,1,278,12644834799Dark BlueXL2781278
127,2022/9/30 12:37:00,799,Dark Blue,XL,278,1,278,12744834.5256944444799Dark BlueXL2781278
128,2022/9/30 13:14:00,bobo,White,One Size,206,1,206,12844834.5513888889boboWhiteOne Size2061206
129,2022/9/30 20:56:00,799,Dark Blue,M,278,1,278,12944834.8722222222799Dark BlueM2781278
130,2022/9/30 23:25:00,799,Dark Blue,L,278,1,278,13044834.9756944444799Dark BlueL2781278
131,2022/9/30 8:17:00,799,Dark Blue,M,278,1,278,13144834.3451388889799Dark BlueM2781278
132,2022/9/4 1:03:00,799,Dark Blue,L,288,1,288,13244808.04375799Dark BlueL2881288
133,2022/9/4 11:01:00,799,Dark Blue,M,288,1,288,13344808.4590277778799Dark BlueM2881288
134,2022/9/4 14:51:00,79,Light Blue,M,315,1,315,13444808.6187579Light BlueM3151315
134,2022/9/4 14:51:00,79,Light Blue,L,315,1,315,13444808.6187579Light BlueL3151315
134,2022/9/4 14:51:00,79,Light Blue,XL,315,1,315,13444808.6187579Light BlueXL3151315
134,2022/9/4 14:51:00,79,Light Blue,2XL,315,1,315,13444808.6187579Light Blue2XL3151315
134,2022/9/4 14:51:00,79,Light Blue,3XL,315,1,315,13444808.6187579Light Blue3XL3151315
134,2022/9/4 14:51:00,79,Light Blue,4XL,315,1,315,13444808.6187579Light Blue4XL3151315
134,2022/9/4 14:51:00,218,Black,M,318,1,318,13444808.61875218BlackM3181318
134,2022/9/4 14:51:00,218,Black,L,318,1,318,13444808.61875218BlackL3181318
134,2022/9/4 14:51:00,218,Black,XL,318,1,318,13444808.61875218BlackXL3181318
134,2022/9/4 14:51:00,3799,Grey Wash,XL,268,1,268,13444808.618753799Grey WashXL2681268
134,2022/9/4 14:51:00,3799,Grey Wash,M,268,1,268,13444808.618753799Grey WashM2681268
134,2022/9/4 14:51:00,3799,Grey Wash,L,268,1,268,13444808.618753799Grey WashL2681268
135,2022/9/4 17:14:00,9699,Light Blue,One Size,288,1,288,13544808.71805555569699Light BlueOne Size2881288
135,2022/9/4 17:14:00,9699,Dark Blue,One Size,288,1,288,13544808.71805555569699Dark BlueOne Size2881288
136,2022/9/4 19:22:00,799,Dark Blue,M,288,1,288,13644808.8069444444799Dark BlueM2881288
137,2022/9/4 20:44:00,799,Dark Blue,L,288,1,288,13744808.8638888889799Dark BlueL2881288
137,2022/9/4 20:44:00,799,Dark Blue,XL,288,1,288,13744808.8638888889799Dark BlueXL2881288
138,2022/9/4 22:57:00,239,Black,,278,1,278,13844808.95625239Black2781278
139,2022/9/5 16:03:00,9699,Dark Blue,One Size,288,1,288,13944809.668759699Dark BlueOne Size2881288
140,2022/9/5 21:36:00,799,Dark Blue,M,288,1,288,14044809.9799Dark BlueM2881288
141,2022/9/6 11:30:00,799,Dark Blue,L,288,1,288,14144810.4791666667799Dark BlueL2881288
142,2022/9/6 14:53:00,708,Dark Blue,2XL,298,1,298,14244810.6201388889708Dark Blue2XL2981298
143,2022/9/6 20:41:00,708,Dark Blue,3XL,298,1,298,14344810.8618055556708Dark Blue3XL2981298
144,2022/9/6 8:41:00,799,Dark Blue,XL,288,1,288,14444810.3618055556799Dark BlueXL2881288
145,2022/9/7 15:05:00,799,Dark Blue,L,288,1,288,14544811.6284722222799Dark BlueL2881288
146,2022/9/7 15:13:00,799,Dark Blue,L,288,1,288,14644811.6340277778799Dark BlueL2881288
147,2022/9/7 8:05:00,799,Dark Blue,L,288,1,288,14744811.3368055556799Dark BlueL2881288
148,2022/9/8 15:20:00,799,Dark Blue,M,288,1,288,14844812.6388888889799Dark BlueM2881288
149,2022/9/8 15:28:00,708,Dark Blue,3XL,298,1,298,14944812.6444444444708Dark Blue3XL2981298
150,2022/9/8 15:58:00,799,Dark Blue,XL,288,1,288,15044812.6652777778799Dark BlueXL2881288
151,2022/9/8 16:47:00,799,Dark Blue,L,288,1,288,15144812.6993055556799Dark BlueL2881288
152,2022/9/8 19:12:00,799,Dark Blue,L,288,1,288,15244812.8799Dark BlueL2881288
153,2022/9/8 19:32:00,799,Dark Blue,M,10000,1,288,15344812.8138888889799Dark BlueM100001288
154,2022/9/9 0:00:00,799,Dark Blue,M,265,1,265,15444813799Dark BlueM2651265
155,2022/9/9 0:17:00,8499,Light Blue,L,238,1,238,15544813.01180555568499Light BlueL2381238
156,2022/9/9 1:08:00,799,Dark Blue,M,265,1,265,15644813.0472222222799Dark BlueM2651265
157,2022/9/9 1:54:00,799,Dark Blue,L,265,1,265,15744813.0791666667799Dark BlueL2651265
158,2022/9/9 11:15:00,539,Black,One Size,268,1,268,15844813.46875539BlackOne Size2681268
159,2022/9/9 13:08:00,708,Dark Blue,3XL,278,1,278,15944813.5472222222708Dark Blue3XL2781278
160,2022/9/9 14:38:00,708,Dark Blue,4XL,278,1,278,16044813.6097222222708Dark Blue4XL2781278
161,2022/9/9 15:28:00,799,Dark Blue,XL,265,1,265,16144813.6444444444799Dark BlueXL2651265
162,2022/9/9 15:43:00,799,Dark Blue,M,265,1,265,16244813.6548611111799Dark BlueM2651265
163,2022/9/9 15:45:00,799,Dark Blue,L,265,1,265,16344813.65625799Dark BlueL2651265
164,2022/9/9 16:30:00,708,Dark Blue,2XL,278,1,278,16444813.6875708Dark Blue2XL2781278
165,2022/9/9 20:58:00,799,Dark Blue,XL,265,1,265,16544813.8736111111799Dark BlueXL2651265
166,2022/9/9 21:17:00,bobo,White,One Size,228,1,228,16644813.8868055556boboWhiteOne Size2281228
167,2022/9/9 23:59:00,708,Dark Blue,3XL,278,1,278,16744813.9993055556708Dark Blue3XL2781278
168,2022/9/9 3:29:00,799,Dark Blue,XL,265,1,265,16844813.1451388889799Dark BlueXL2651265
169,2022/9/9 5:55:00,799,Dark Blue,M,265,1,265,16944813.2465277778799Dark BlueM2651265
170,2022/9/9 6:10:00,799,Dark Blue,M,265,1,265,17044813.2569444444799Dark BlueM2651265
171,2022/9/9 6:27:00,799,Dark Blue,M,265,1,265,17144813.26875799Dark BlueM2651265
172,2022/9/9 7:18:00,708,Dark Blue,4XL,278,1,278,17244813.3041666667708Dark Blue4XL2781278
173,2022/9/9 7:22:00,799,Dark Blue,M,265,1,265,17344813.3069444444799Dark BlueM2651265
174,2022/9/9 8:25:00,799,Dark Blue,L,265,1,265,17444813.3506944444799Dark BlueL2651265
175,2022/9/9 9:47:00,799,Dark Blue,XL,265,1,265,17544813.4076388889799Dark BlueXL2651265